{
  "project_info": {
    "project_number": "1043772482199",
    "firebase_url": "https://swipe-d6f5e.firebaseio.com",
    "project_id": "swipe-d6f5e",
    "storage_bucket": "swipe-d6f5e.appspot.com"
  },
  "client": [
    {
      "client_info": {
        "mobilesdk_app_id": "1:1043772482199:android:0224352a1817abee",
        "android_client_info": {
          "package_name": "com.example.smith.swipe"
        }
      },
      "oauth_client": [
        {
          "client_id": "1043772482199-4unovg9k5751loilsqhfong9adtur4c6.apps.googleusercontent.com",
          "client_type": 1,
          "android_info": {
            "package_name": "com.example.smith.swipe",
            "certificate_hash": "31393c6b38ebacbfc7a5432f3b4a7889e6f1bf2e"
          }
        },
        {
          "client_id": "1043772482199-r84m42orcs9bhukv2for34bpbrflgsu0.apps.googleusercontent.com",
          "client_type": 3
        }
      ],
      "api_key": [
        {
          "current_key": "AIzaSyCpC0JJp1ZZpH3wYnqrCOvyFo9ZaecgHZg"
        }
      ],
      "services": {
        "analytics_service": {
          "status": 1
        },
        "appinvite_service": {
          "status": 2,
          "other_platform_oauth_client": [
            {
              "client_id": "1043772482199-r84m42orcs9bhukv2for34bpbrflgsu0.apps.googleusercontent.com",
              "client_type": 3
            }
          ]
        },
        "ads_service": {
          "status": 2
        }
      }
    }
  ],
  "configuration_version": "1"
}